﻿<?xml version="1.0" encoding="utf-8"?>
<Package xmlns="http://schemas.microsoft.com/appx/2010/manifest" xmlns:m2="http://schemas.microsoft.com/appx/2013/manifest" xmlns:build="http://schemas.microsoft.com/developer/appx/2012/build" IgnorableNamespaces="build">
  <!--
    THIS PACKAGE MANIFEST FILE IS GENERATED BY THE BUILD PROCESS.

    Changes to this file will be lost when it is regenerated. To correct errors in this file, edit the source .appxmanifest file.

    For more information on package manifest files, see http://go.microsoft.com/fwlink/?LinkID=241727
  -->
  <Identity Name="ZeptoLabUKLimited.CutTheRope" Version="1.2.0.43" Publisher="CN=9F84FC0F-E616-49FF-9410-D8AC6DAE95F7" ProcessorArchitecture="x86" />
  <Properties>
    <DisplayName>Cut The Rope</DisplayName>
    <PublisherDisplayName>ZeptoLab UK Limited</PublisherDisplayName>
    <Logo>images\storelogo.png</Logo>
  </Properties>
  <Prerequisites>
    <OSMinVersion>6.3.0</OSMinVersion>
    <OSMaxVersionTested>6.3.0</OSMaxVersionTested>
  </Prerequisites>
  <Resources>
    <Resource Language="EN" />
    <Resource Language="DE" />
    <Resource Language="FR" />
    <Resource Language="RU" />
  </Resources>
  <Applications>
    <Application Id="App" StartPage="default.html">
      <Extensions>
        <Extension Category="windows.protocol">
          <Protocol Name="xboxliveapp-1515264857">
            <Logo>images\logo.png</Logo>
            <DisplayName>Cut the Rope</DisplayName>
          </Protocol>
        </Extension>
      </Extensions>
      <m2:VisualElements DisplayName="Cut the Rope" Description="A mysterious package has arrived, and the little monster inside has only one request…CANDY! Cut the ropes, catch the stars and avoid various obstacles in your mission to feed Om Nom." BackgroundColor="#464646" ForegroundText="light" ToastCapable="true" Square150x150Logo="images\logo.png" Square30x30Logo="images\smalllogo.png">
        <m2:DefaultTile Wide310x150Logo="images\logowide.png"></m2:DefaultTile>
        <m2:InitialRotationPreference>
          <m2:Rotation Preference="landscape" />
          <m2:Rotation Preference="landscapeFlipped" />
        </m2:InitialRotationPreference>
        <m2:SplashScreen BackgroundColor="#ffffff" Image="images\splashscreen.png" />
      </m2:VisualElements>
    </Application>
  </Applications>
  <Capabilities>
    <Capability Name="internetClient" />
  </Capabilities>
  <Extensions>
    <Extension Category="windows.activatableClass.proxyStub">
      <ProxyStub ClassId="10EE0CAA-F78A-4AE6-A92C-8988E2DEDB00">
        <Path>Microsoft.Xbox.dll</Path>
        <Interface Name="Microsoft.Xbox.Interop.ICallbackInvoker" InterfaceId="3DBDEF74-8B05-4318-8A5C-D790039C0576" />
      </ProxyStub>
    </Extension>
    <Extension Category="windows.activatableClass.inProcessServer">
      <InProcessServer>
        <Path>Microsoft.Xbox.dll</Path>
        <ActivatableClass ActivatableClassId="Microsoft.Xbox.Marketplace.AssetBalance" ThreadingModel="both" />
        <ActivatableClass ActivatableClassId="Microsoft.Xbox.Marketplace.MarketplaceService" ThreadingModel="both" />
        <ActivatableClass ActivatableClassId="Microsoft.Xbox.TitleStorage.TitleStorageFile" ThreadingModel="both" />
        <ActivatableClass ActivatableClassId="Microsoft.Xbox.TitleStorage.TitleStorageService" ThreadingModel="both" />
        <ActivatableClass ActivatableClassId="Microsoft.Xbox.UserCollection" ThreadingModel="both" />
        <ActivatableClass ActivatableClassId="Microsoft.Xbox.Foundation.PushNotificationManager" ThreadingModel="both" />
        <ActivatableClass ActivatableClassId="Microsoft.Xbox.Foundation.ServiceClient" ThreadingModel="both" />
        <ActivatableClass ActivatableClassId="Microsoft.Xbox.Foundation.UserIdentity" ThreadingModel="both" />
        <ActivatableClass ActivatableClassId="Microsoft.Xbox.XboxLIVEService" ThreadingModel="both" />
        <ActivatableClass ActivatableClassId="Microsoft.Xbox.Multiplayer.MatchmakingService" ThreadingModel="both" />
        <ActivatableClass ActivatableClassId="Microsoft.Xbox.Multiplayer.MultiplayerSessionSettings" ThreadingModel="both" />
        <ActivatableClass ActivatableClassId="Microsoft.Xbox.Multiplayer.MatchCriteria" ThreadingModel="both" />
        <ActivatableClass ActivatableClassId="Microsoft.Xbox.Multiplayer.MultiplayerSession" ThreadingModel="both" />
        <ActivatableClass ActivatableClassId="Microsoft.Xbox.Multiplayer.MatchRequest" ThreadingModel="both" />
        <ActivatableClass ActivatableClassId="Microsoft.Xbox.Multiplayer.MatchProperty" ThreadingModel="both" />
        <ActivatableClass ActivatableClassId="Microsoft.Xbox.User" ThreadingModel="both" />
        <ActivatableClass ActivatableClassId="Microsoft.Xbox.UserMessage" ThreadingModel="both" />
        <ActivatableClass ActivatableClassId="Microsoft.Xbox.Leaderboards.LeaderboardService" ThreadingModel="both" />
        <ActivatableClass ActivatableClassId="Microsoft.Xbox.Leaderboards.LeaderboardAttribute" ThreadingModel="both" />
        <ActivatableClass ActivatableClassId="Microsoft.Xbox.ResourceLoader" ThreadingModel="both" />
        <ActivatableClass ActivatableClassId="Microsoft.Xbox.Recipient" ThreadingModel="both" />
      </InProcessServer>
    </Extension>
  </Extensions>
  <Dependencies>
    <PackageDependency Name="Microsoft.VCLibs.120.00" MinVersion="12.0.21005.1" />
    <PackageDependency Name="Microsoft.WinJS.2.0" MinVersion="1.0.9600.16408" />
  </Dependencies>
  <build:Metadata>
    <build:Item Name="VisualStudio" Version="12.0" />
    <build:Item Name="VisualStudioEdition" Value="Microsoft Visual Studio Express 2013 for Windows" />
    <build:Item Name="OperatingSystem" Version="6.3.9600.16384 (winblue_rtm.130821-1623)" />
    <build:Item Name="Microsoft.Build.AppxPackage.dll" Version="12.0.30110.0" />
    <build:Item Name="Xbox LIVE SDK for Windows 8.1" Version="2.0" />
    <build:Item Name="MakePri.exe" Version="6.3.9600.16474 (winblue_gdr.131122-1506)" />
  </build:Metadata>
</Package>